role,action,caption,table,process
"Accounting Level 2","add","Menu Setting","menu","setting"
"Accounting Level 2","edit","Menu Setting","menu","setting"
"Accounting Level 2","del","Menu Setting","menu","setting"
"Accounting Level 2","view","Menu Setting","menu","setting"
"Accounting Level 2","view","User Access","auth","setting"
"Accounting Level 2","view","Role Permission","grant","setting"
"Accounting Level 2","view","Parameter Setting","parameter","setting"
"Accounting Level 2","view","Process Setting","process","setting"
"Accounting Level 2","add","Role Permission","grant","setting"
"Accounting Level 2","edit","Role Permission","grant","setting"
"Accounting Level 2","del","Role Permission","grant","setting"
"Accounting Level 2","view","Role Permission","grant","setting"
"Accounting Level 2","view","User Role","role","setting"
"Accounting Level 2","add","Process Setting","process","setting"
"Accounting Level 2","edit","Process Setting","process","setting"
"Accounting Level 2","del","Process Setting","process","setting"
"Accounting Level 2","add","User Access","auth","setting"
"Accounting Level 2","edit","User Access","auth","setting"
"Accounting Level 2","del","User Access","auth","setting"
"Accounting Level 2","add","Parameter Setting","parameter","setting"
"Accounting Level 2","edit","","parameter","setting"
"Accounting Level 2","del","","parameter","setting"
"Accounting Level 2","add","","role","setting"
"Accounting Level 2","edit","","role","setting"
"Accounting Level 2","del","","role","setting"
"Accounting Level 2","view","","customer","profile"
"Accounting Level 2","add","","customer","profile"
"Accounting Level 2","edit","","customer","profile"
"Accounting Level 2","del","","customer","profile"
"Accounting Level 2","edit","","customer","setting"
"Accounting Level 2","view","","customer","setting"
"Accounting Level 2","view","","city","list"
"Accounting Level 2","view","","product","profile"
"Accounting Level 2","add","","product","profile"
"Accounting Level 2","edit","","product","profile"
"Accounting Level 2","del","","product","profile"
"Accounting Level 2","view","","brand","profile"
"Accounting Level 2","add","","brand","profile"
"Accounting Level 2","edit","","brand","profile"
"Accounting Level 2","del","","brand","profile"
"Accounting Level 2","view","","uom","profile"
"Accounting Level 2","add","","uom","profile"
"Accounting Level 2","edit","","uom","profile"
"Accounting Level 2","del","","uom","profile"
"Accounting Level 2","add","","supplier","profile"
"Accounting Level 2","edit","","supplier","profile"
"Accounting Level 2","del","","supplier","profile"
"Accounting Level 2","view","","supplier","profile"
"Accounting Level 2","view","","location","setting"
"Accounting Level 2","add","","location","setting"
"Accounting Level 2","edit","","location","setting"
"Accounting Level 2","del","","location","setting"
"Accounting Level 2","view","","inventory","setting"
"Accounting Level 2","view","","movement","setting"
"Accounting Level 2","view","","movement","history"
"Accounting Level 2","view","","sales","order"
"Accounting Level 2","add","","sales","order"
"Accounting Level 2","edit","","sales","order"
"Accounting Level 2","del","","sales","order"
"Accounting Level 2","edit","","sales","delivery"
"Accounting Level 2","view","","sales","delivery"
"Accounting Level 2","view","","sales","invoice"
"Accounting Level 2","edit","","sales","invoice"
"Accounting Level 2","view","","sequence","setting"
"Accounting Level 2","add","","sequence","setting"
"Accounting Level 2","edit","","sequence","setting"
"Accounting Level 2","del","","sequence","setting"
"Accounting Level 2","add","","employee","profile"
"Accounting Level 2","edit","","employee","profile"
"Accounting Level 2","del","","employee","profile"
"Accounting Level 2","view","","employee","profile"
"Accounting Level 2","add","Ordered Item","sales_item","order"
"Accounting Level 2","edit","","sales+AF8-item","order"
"Accounting Level 2","del","","sales+AF8-item","order"
"Accounting Level 2","view","","sales+AF8-item","order"
"Accounting Level 2","add","","price","setting"
"Accounting Level 2","edit","","price","setting"
"Accounting Level 2","del","","price","setting"
"Accounting Level 2","view","","price","setting"
"Accounting Level 2","add","","discount","setting"
"Accounting Level 2","edit","","discount","setting"
"Accounting Level 2","del","","discount","setting"
"Accounting Level 2","view","","discount","setting"
"Accounting Level 2","add","","computation","setting"
"Accounting Level 2","edit","","computation","setting"
"Accounting Level 2","del","","computation","setting"
"Accounting Level 2","view","","computation","setting"
"Accounting Level 2","view","","sales+AF8-item","list"
"Accounting Level 2","view","","sales+AF8-item","delivery"
"Accounting Level 2","view","","sales+AF8-item","invoice"
"Accounting Level 2","view","","synchronization","setting"
"Accounting Level 2","add","","synchronization","setting"
"Accounting Level 2","edit","","synchronization","setting"
"Accounting Level 2","del","","synchronization","setting"
"Accounting Level 2","view","","inv+AF8-link","setting"
"Accounting Level 2","add","","inv+AF8-link","setting"
"Accounting Level 2","edit","","inv+AF8-link","setting"
"Accounting Level 2","del","","inv+AF8-link","setting"
"Accounting Level 2","view","","shipment","record"
"Accounting Level 2","add","","shipment","record"
"Accounting Level 2","edit","","shipment","record"
"Accounting Level 2","del","","shipment","record"
"Accounting Level 2","view","","shipment","approve"
"Accounting Level 2","edit","","shipment","approve"
"Accounting Level 2","view","","shipment+AF8-item","record"
"Accounting Level 2","add","","shipment+AF8-item","record"
"Accounting Level 2","edit","","shipment+AF8-item","record"
"Accounting Level 2","del","","shipment+AF8-item","record"
"Accounting Level 2","edit","","shipment+AF8-item","approve"
"Accounting Level 2","view","","shipment+AF8-item","approve"
"Accounting Level 2","view","","coa","profile"
"Accounting Level 2","add","","coa","profile"
"Accounting Level 2","edit","","coa","profile"
"Accounting Level 2","del","","coa","profile"
"Accounting Level 2","view","","sales","list"
"Accounting Level 2","view","","purchase","order"
"Accounting Level 2","view","","chito","pogi"
"Accounting Level 2","view","Customer Type","customer+AF8-type","record"
"Accounting Level 2","add","Customer Type","customer+AF8-type","record"
"Accounting Level 2","edit","Customer Type","customer+AF8-type","record"
"Accounting Level 2","del","Customer Type","customer+AF8-type","record"
"Accounting Level 2","view","Customer Terms","customer+AF8-term","record"
"Accounting Level 2","edit","Customer Terms","customer+AF8-term","record"
"Accounting Level 2","del","Customer Terms","customer+AF8-term","record"
"Accounting Level 2","add","Customer Terms","customer+AF8-term","record"
"Accounting Level 2","view","Product Category","product+AF8-category","record"
"Accounting Level 2","add","Product Category","product+AF8-category","record"
"Accounting Level 2","edit","Product Category","product+AF8-category","record"
"Accounting Level 2","del","Product Category","product+AF8-category","record"
"Accounting Level 2","view","Purchase Cost","product","purchase"
"Accounting Level 2","edit","Purchase Cost","product","purchase"
"Accounting Level 2","add","Product Bundle","bundle","record"
"Accounting Level 2","view","Bundled Items","bundle+AF8-item","record"
"Accounting Level 2","edit","Product Bundle","bundle+AF8-item","record"
"Accounting Level 2","add","Product Bundle","bundle+AF8-item","record"
"Accounting Level 2","del","Product Bundle","bundle+AF8-item","record"
"Accounting Level 2","view","Product Bundle","bundle","record"
"Accounting Level 2","edit","Product Bundle","bundle","record"
"Accounting Level 2","del","Product Bundle","bundle","record"
"Accounting Level 2","view","Product Promo","product+AF8-promo","record"
"Accounting Level 2","add","Product Promo","product+AF8-promo","record"
"Accounting Level 2","edit","Product Promo","product+AF8-promo","record"
"Accounting Level 2","del","Product Promo","product+AF8-promo","record"
"Accounting Level 2","view","Credit Memo","sales","memo"
"Accounting Level 2","view","Return Merchandise Receipt","sales","return"
"Accounting Level 2","edit","Return Merchandise Receipt","sales","return"
"Accounting Level 2","edit","Credit Memo","sales","memo"
"Accounting Level 2","view","Sales Payment","sales","payment"
"Accounting Level 2","edit","Sales Payment","sales","payment"
"Accounting Level 2","view","Payment Details","payment+AF8-item","record"
"Accounting Level 2","add","Payment Details","payment+AF8-item","record"
"Accounting Level 2","edit","Payment Details","payment+AF8-item","record"
"Accounting Level 2","del","Payment Details","payment+AF8-item","record"
"Accounting Level 2","del","Bank Information","bank","record"
"Accounting Level 2","add","Bank Information","bank","record"
"Accounting Level 2","edit","Bank Information","bank","record"
"Accounting Level 2","view","Bank Information","bank","record"
"Accounting Level 2","add","Process Status","status","record"
"Accounting Level 2","edit","Process Status","status","record"
"Accounting Level 2","del","Process Status","status","record"
"Accounting Level 2","view","Process Status","status","record"
"Accounting Level 2","view","Ordered Item","sales+AF8-item","return"
"Accounting Level 2","edit","Ordered Item","sales+AF8-item","return"
"Accounting Level 2","view","Shipment Report","shipment","report"
"Accounting Level 2","view","Product Shipment Report","shipment+AF8-item","report"
"Accounting Level 2","excel","Sales Order","sales","order"
"Accounting Level 2","excel","Ordered Item","sales+AF8-item","order"
"Developer","add","Menu Setting","menu","setting"
"Developer","edit","Menu Setting","menu","setting"
"Developer","del","Menu Setting","menu","setting"
"Developer","view","Menu Setting","menu","setting"
"Developer","view","User Access","auth","setting"
"Developer","view","Role Permission","grant","setting"
"Developer","view","Parameter Setting","parameter","setting"
"Developer","view","Process Setting","process","setting"
"Developer","add","Role Permission","grant","setting"
"Developer","edit","Role Permission","grant","setting"
"Developer","del","Role Permission","grant","setting"
"Developer","view","Role Permission","grant","setting"
"Developer","view","User Role","role","setting"
"Developer","add","Process Setting","process","setting"
"Developer","edit","Process Setting","process","setting"
"Developer","del","Process Setting","process","setting"
"Developer","add","User Access","auth","setting"
"Developer","edit","User Access","auth","setting"
"Developer","del","User Access","auth","setting"
"Developer","add","Parameter Setting","parameter","setting"
"Developer","edit","","parameter","setting"
"Developer","del","","parameter","setting"
"Developer","add","","role","setting"
"Developer","edit","","role","setting"
"Developer","del","","role","setting"
"Developer","view","","customer","profile"
"Developer","add","","customer","profile"
"Developer","edit","","customer","profile"
"Developer","del","","customer","profile"
"Developer","edit","","customer","setting"
"Developer","view","","customer","setting"
"Developer","view","","city","list"
"Developer","view","","product","profile"
"Developer","add","","product","profile"
"Developer","edit","","product","profile"
"Developer","del","","product","profile"
"Developer","view","","brand","profile"
"Developer","add","","brand","profile"
"Developer","edit","","brand","profile"
"Developer","del","","brand","profile"
"Developer","view","","uom","profile"
"Developer","add","","uom","profile"
"Developer","edit","","uom","profile"
"Developer","del","","uom","profile"
"Developer","add","","supplier","profile"
"Developer","edit","","supplier","profile"
"Developer","del","","supplier","profile"
"Developer","view","","supplier","profile"
"Developer","view","","location","setting"
"Developer","add","","location","setting"
"Developer","edit","","location","setting"
"Developer","del","","location","setting"
"Developer","view","","inventory","setting"
"Developer","view","","movement","setting"
"Developer","view","","movement","history"
"Developer","view","","sales","order"
"Developer","add","","sales","order"
"Developer","edit","","sales","order"
"Developer","del","","sales","order"
"Developer","edit","","sales","delivery"
"Developer","view","","sales","delivery"
"Developer","view","","sales","invoice"
"Developer","edit","","sales","invoice"
"Developer","view","","sequence","setting"
"Developer","add","","sequence","setting"
"Developer","edit","","sequence","setting"
"Developer","del","","sequence","setting"
"Developer","add","","employee","profile"
"Developer","edit","","employee","profile"
"Developer","del","","employee","profile"
"Developer","view","","employee","profile"
"Developer","add","Ordered Item","sales_item","order"
"Developer","edit","Ordered Item","sales_item","order"
"Developer","del","Ordered Item","sales_item","order"
"Developer","view","Ordered Item","sales_item","order"
"Developer","add","","price","setting"
"Developer","edit","","price","setting"
"Developer","del","","price","setting"
"Developer","view","","price","setting"
"Developer","add","","discount","setting"
"Developer","edit","","discount","setting"
"Developer","del","","discount","setting"
"Developer","view","","discount","setting"
"Developer","add","","computation","setting"
"Developer","edit","","computation","setting"
"Developer","del","","computation","setting"
"Developer","view","","computation","setting"
"Developer","view","Ordered Item","sales_item","list"
"Developer","view","Ordered Item","sales_item","delivery"
"Developer","view","Ordered Item","sales_item","invoice"
"Developer","view","","synchronization","setting"
"Developer","add","","synchronization","setting"
"Developer","edit","","synchronization","setting"
"Developer","del","","synchronization","setting"
"Developer","view","Inventory Linking","inv_link","setting"
"Developer","add","Inventory Linking","inv_link","setting"
"Developer","edit","Inventory Linking","inv_link","setting"
"Developer","del","Inventory Linking","inv_link","setting"
"Developer","view","","shipment","record"
"Developer","add","","shipment","record"
"Developer","edit","","shipment","record"
"Developer","del","","shipment","record"
"Developer","view","","shipment","approve"
"Developer","edit","","shipment","approve"
"Developer","view","Shipment Details","shipment_item","record"
"Developer","add","Shipment Details","shipment_item","record"
"Developer","edit","Shipment Details","shipment_item","record"
"Developer","del","Shipment Details","shipment_item","record"
"Developer","edit","Shipment Details","shipment_item","approve"
"Developer","view","Shipment Details","shipment_item","approve"
"Developer","view","","coa","profile"
"Developer","add","","coa","profile"
"Developer","edit","","coa","profile"
"Developer","del","","coa","profile"
"Developer","view","","sales","list"
"Developer","view","","purchase","order"
"Developer","view","","chito","pogi"
"Developer","view","Customer Type","customer_type","record"
"Developer","add","Customer Type","customer_type","record"
"Developer","edit","Customer Type","customer_type","record"
"Developer","del","Customer Type","customer_type","record"
"Developer","view","Customer Terms","customer_term","record"
"Developer","edit","Customer Terms","customer_term","record"
"Developer","del","Customer Terms","customer_term","record"
"Developer","add","Customer Terms","customer_term","record"
"Developer","view","Product Category","product+AF8-category","record"
"Developer","add","Product Category","product+AF8-category","record"
"Developer","edit","Product Category","product+AF8-category","record"
"Developer","del","Product Category","product+AF8-category","record"
"Developer","view","Purchase Cost","product","purchase"
"Developer","edit","Purchase Cost","product","purchase"
"Developer","add","Product Bundle","bundle","record"
"Developer","view","Bundled Items","bundle_item","record"
"Developer","edit","Bundled Items","bundle_item","record"
"Developer","add","Bundled Items","bundle_item","record"
"Developer","del","Bundled Items","bundle_item","record"
"Developer","view","Product Bundle","bundle","record"
"Developer","edit","Product Bundle","bundle","record"
"Developer","del","Product Bundle","bundle","record"
"Developer","view","Product Promo","product_promo","record"
"Developer","add","Product Promo","product_promo","record"
"Developer","edit","Product Promo","product_promo","record"
"Developer","del","Product Promo","product_promo","record"
"Developer","view","Credit Memo","sales","memo"
"Developer","view","Return Merchandise Receipt","sales","return"
"Developer","edit","Return Merchandise Receipt","sales","return"
"Developer","edit","Credit Memo","sales","memo"
"Developer","view","Sales Payment","sales","payment"
"Developer","edit","Sales Payment","sales","payment"
"Developer","view","Payment Details","payment_item","record"
"Developer","add","Payment Details","payment_item","record"
"Developer","edit","Payment Details","payment_item","record"
"Developer","del","Payment Details","payment_item","record"
"Developer","del","Bank Information","bank","record"
"Developer","add","Bank Information","bank","record"
"Developer","edit","Bank Information","bank","record"
"Developer","view","Bank Information","bank","record"
"Developer","add","Process Status","status","record"
"Developer","edit","Process Status","status","record"
"Developer","del","Process Status","status","record"
"Developer","view","Process Status","status","record"
"Developer","view","Ordered Item","sales+AF8-item","return"
"Developer","edit","Ordered Item","sales+AF8-item","return"
"Developer","view","Shipment Report","shipment","report"
"Developer","view","Product Shipment Report","shipment_item","report"
"Developer","excel","Sales Order","sales","order"
"Developer","excel","Ordered Item","sales+AF8-item","order"
"Accounting Level 1","view","","customer","profile"
"Accounting Level 1","edit","","customer","setting"
"Accounting Level 1","view","","customer","setting"
"Accounting Level 1","view","","product","profile"
"Accounting Level 1","add","","product","profile"
"Accounting Level 1","edit","","product","profile"
"Accounting Level 1","del","","product","profile"
"Accounting Level 1","add","","supplier","profile"
"Accounting Level 1","edit","","supplier","profile"
"Accounting Level 1","del","","supplier","profile"
"Accounting Level 1","view","","supplier","profile"
"Accounting Level 1","view","","inventory","setting"
"Accounting Level 1","view","","movement","setting"
"Accounting Level 1","view","","movement","history"
"Accounting Level 1","view","","sales","order"
"Accounting Level 1","view","","sales","delivery"
"Accounting Level 1","view","","sales","invoice"
"Accounting Level 1","edit","","sales","invoice"
"Accounting Level 1","add","","employee","profile"
"Accounting Level 1","edit","","employee","profile"
"Accounting Level 1","del","","employee","profile"
"Accounting Level 1","view","","employee","profile"
"Accounting Level 1","view","Ordered Item","sales_item","order"
"Accounting Level 1","add","","price","setting"
"Accounting Level 1","edit","","price","setting"
"Accounting Level 1","del","","price","setting"
"Accounting Level 1","view","","price","setting"
"Accounting Level 1","add","","discount","setting"
"Accounting Level 1","edit","","discount","setting"
"Accounting Level 1","del","","discount","setting"
"Accounting Level 1","view","","discount","setting"
"Accounting Level 1","add","","computation","setting"
"Accounting Level 1","edit","","computation","setting"
"Accounting Level 1","del","","computation","setting"
"Accounting Level 1","view","","computation","setting"
"Accounting Level 1","view","Ordered Item","sales_item","delivery"
"Accounting Level 1","view","Ordered Item","sales_item","invoice"
"Accounting Level 1","view","","synchronization","setting"
"Accounting Level 1","add","","synchronization","setting"
"Accounting Level 1","edit","","synchronization","setting"
"Accounting Level 1","del","","synchronization","setting"
"Accounting Level 1","view","","inv+AF8-link","setting"
"Accounting Level 1","add","","inv+AF8-link","setting"
"Accounting Level 1","edit","","inv+AF8-link","setting"
"Accounting Level 1","del","","inv+AF8-link","setting"
"Accounting Level 1","view","","shipment","record"
"Accounting Level 1","add","","shipment","record"
"Accounting Level 1","edit","","shipment","record"
"Accounting Level 1","del","","shipment","record"
"Accounting Level 1","view","","shipment","approve"
"Accounting Level 1","edit","","shipment","approve"
"Accounting Level 1","view","","shipment+AF8-item","record"
"Accounting Level 1","add","","shipment+AF8-item","record"
"Accounting Level 1","edit","","shipment+AF8-item","record"
"Accounting Level 1","del","","shipment+AF8-item","record"
"Accounting Level 1","edit","","shipment+AF8-item","approve"
"Accounting Level 1","view","","shipment+AF8-item","approve"
"Accounting Level 1","view","","coa","profile"
"Accounting Level 1","add","","coa","profile"
"Accounting Level 1","edit","","coa","profile"
"Accounting Level 1","del","","coa","profile"
"Accounting Level 1","view","","sales","list"
"Accounting Level 1","view","","purchase","order"
"Accounting Level 1","view","","chito","pogi"
"Accounting Level 1","view","Customer Type","customer+AF8-type","record"
"Accounting Level 1","add","Customer Type","customer+AF8-type","record"
"Accounting Level 1","edit","Customer Type","customer+AF8-type","record"
"Accounting Level 1","del","Customer Type","customer+AF8-type","record"
"Accounting Level 1","view","Customer Terms","customer+AF8-term","record"
"Accounting Level 1","edit","Customer Terms","customer+AF8-term","record"
"Accounting Level 1","del","Customer Terms","customer+AF8-term","record"
"Accounting Level 1","add","Customer Terms","customer+AF8-term","record"
"Accounting Level 1","view","Product Category","product+AF8-category","record"
"Accounting Level 1","add","Product Category","product+AF8-category","record"
"Accounting Level 1","edit","Product Category","product+AF8-category","record"
"Accounting Level 1","del","Product Category","product+AF8-category","record"
"Accounting Level 1","view","Purchase Cost","product","purchase"
"Accounting Level 1","edit","Purchase Cost","product","purchase"
"Accounting Level 1","add","Product Bundle","bundle","record"
"Accounting Level 1","view","Bundled Items","bundle+AF8-item","record"
"Accounting Level 1","edit","Product Bundle","bundle+AF8-item","record"
"Accounting Level 1","add","Product Bundle","bundle+AF8-item","record"
"Accounting Level 1","del","Product Bundle","bundle+AF8-item","record"
"Accounting Level 1","view","Product Bundle","bundle","record"
"Accounting Level 1","edit","Product Bundle","bundle","record"
"Accounting Level 1","del","Product Bundle","bundle","record"
"Accounting Level 1","view","Product Promo","product+AF8-promo","record"
"Accounting Level 1","add","Product Promo","product+AF8-promo","record"
"Accounting Level 1","edit","Product Promo","product+AF8-promo","record"
"Accounting Level 1","del","Product Promo","product+AF8-promo","record"
"Accounting Level 1","view","Credit Memo","sales","memo"
"Accounting Level 1","view","Return Merchandise Receipt","sales","return"
"Accounting Level 1","edit","Credit Memo","sales","memo"
"Accounting Level 1","view","Sales Payment","sales","payment"
"Accounting Level 1","edit","Sales Payment","sales","payment"
"Accounting Level 1","view","Payment Details","payment+AF8-item","record"
"Accounting Level 1","add","Payment Details","payment+AF8-item","record"
"Accounting Level 1","edit","Payment Details","payment+AF8-item","record"
"Accounting Level 1","del","Payment Details","payment+AF8-item","record"
"Accounting Level 1","del","Bank Information","bank","record"
"Accounting Level 1","add","Bank Information","bank","record"
"Accounting Level 1","edit","Bank Information","bank","record"
"Accounting Level 1","view","Bank Information","bank","record"
"Accounting Level 1","add","Process Status","status","record"
"Accounting Level 1","edit","Process Status","status","record"
"Accounting Level 1","del","Process Status","status","record"
"Accounting Level 1","view","Process Status","status","record"
"Accounting Level 1","view","Ordered Item","sales_item","return"
"Accounting Level 1","view","Shipment Report","shipment","report"
"Accounting Level 1","view","Product Shipment Report","shipment+AF8-item","report"
"Accounting Level 1","excel","Sales Order","sales","order"
"Accounting Level 1","excel","Ordered Item","sales_item","order"
"Administrator","add","Menu Setting","menu","setting"
"Administrator","edit","Menu Setting","menu","setting"
"Administrator","del","Menu Setting","menu","setting"
"Administrator","view","Menu Setting","menu","setting"
"Administrator","view","User Access","auth","setting"
"Administrator","view","Role Permission","grant","setting"
"Administrator","view","Parameter Setting","parameter","setting"
"Administrator","view","Process Setting","process","setting"
"Administrator","add","Role Permission","grant","setting"
"Administrator","edit","Role Permission","grant","setting"
"Administrator","del","Role Permission","grant","setting"
"Administrator","view","Role Permission","grant","setting"
"Administrator","view","User Role","role","setting"
"Administrator","add","Process Setting","process","setting"
"Administrator","edit","Process Setting","process","setting"
"Administrator","del","Process Setting","process","setting"
"Administrator","add","User Access","auth","setting"
"Administrator","edit","User Access","auth","setting"
"Administrator","del","User Access","auth","setting"
"Administrator","add","Parameter Setting","parameter","setting"
"Administrator","edit","","parameter","setting"
"Administrator","del","","parameter","setting"
"Administrator","add","","role","setting"
"Administrator","edit","","role","setting"
"Administrator","del","","role","setting"
"Administrator","view","","customer","profile"
"Administrator","add","","customer","profile"
"Administrator","edit","","customer","profile"
"Administrator","del","","customer","profile"
"Administrator","edit","","customer","setting"
"Administrator","view","","customer","setting"
"Administrator","view","","city","list"
"Administrator","view","","product","profile"
"Administrator","add","","product","profile"
"Administrator","edit","","product","profile"
"Administrator","del","","product","profile"
"Administrator","view","","brand","profile"
"Administrator","add","","brand","profile"
"Administrator","edit","","brand","profile"
"Administrator","del","","brand","profile"
"Administrator","view","","uom","profile"
"Administrator","add","","uom","profile"
"Administrator","edit","","uom","profile"
"Administrator","del","","uom","profile"
"Administrator","add","","supplier","profile"
"Administrator","edit","","supplier","profile"
"Administrator","del","","supplier","profile"
"Administrator","view","","supplier","profile"
"Administrator","view","","location","setting"
"Administrator","add","","location","setting"
"Administrator","edit","","location","setting"
"Administrator","del","","location","setting"
"Administrator","view","","inventory","setting"
"Administrator","view","","movement","setting"
"Administrator","view","","movement","history"
"Administrator","view","","sales","order"
"Administrator","add","","sales","order"
"Administrator","edit","","sales","order"
"Administrator","del","","sales","order"
"Administrator","edit","","sales","delivery"
"Administrator","view","","sales","delivery"
"Administrator","view","","sales","invoice"
"Administrator","edit","","sales","invoice"
"Administrator","view","","sequence","setting"
"Administrator","add","","sequence","setting"
"Administrator","edit","","sequence","setting"
"Administrator","del","","sequence","setting"
"Administrator","add","","employee","profile"
"Administrator","edit","","employee","profile"
"Administrator","del","","employee","profile"
"Administrator","view","","employee","profile"
"Administrator","add","","sales+AF8-item","order"
"Administrator","edit","","sales+AF8-item","order"
"Administrator","del","","sales+AF8-item","order"
"Administrator","view","","sales+AF8-item","order"
"Administrator","add","","price","setting"
"Administrator","edit","","price","setting"
"Administrator","del","","price","setting"
"Administrator","view","","price","setting"
"Administrator","add","","discount","setting"
"Administrator","edit","","discount","setting"
"Administrator","del","","discount","setting"
"Administrator","view","","discount","setting"
"Administrator","add","","computation","setting"
"Administrator","edit","","computation","setting"
"Administrator","del","","computation","setting"
"Administrator","view","","computation","setting"
"Administrator","view","","sales+AF8-item","list"
"Administrator","view","","sales+AF8-item","delivery"
"Administrator","view","","sales+AF8-item","invoice"
"Administrator","view","","synchronization","setting"
"Administrator","add","","synchronization","setting"
"Administrator","edit","","synchronization","setting"
"Administrator","del","","synchronization","setting"
"Administrator","view","","inv+AF8-link","setting"
"Administrator","add","","inv+AF8-link","setting"
"Administrator","edit","","inv+AF8-link","setting"
"Administrator","del","","inv+AF8-link","setting"
"Administrator","view","","shipment","record"
"Administrator","add","","shipment","record"
"Administrator","edit","","shipment","record"
"Administrator","del","","shipment","record"
"Administrator","view","","shipment","approve"
"Administrator","edit","","shipment","approve"
"Administrator","view","","shipment+AF8-item","record"
"Administrator","add","","shipment+AF8-item","record"
"Administrator","edit","","shipment+AF8-item","record"
"Administrator","del","","shipment+AF8-item","record"
"Administrator","edit","","shipment+AF8-item","approve"
"Administrator","view","","shipment+AF8-item","approve"
"Administrator","view","","coa","profile"
"Administrator","add","","coa","profile"
"Administrator","edit","","coa","profile"
"Administrator","del","","coa","profile"
"Administrator","view","","sales","list"
"Administrator","view","","purchase","order"
"Administrator","view","","chito","pogi"
"Administrator","view","Customer Type","customer+AF8-type","record"
"Administrator","add","Customer Type","customer+AF8-type","record"
"Administrator","edit","Customer Type","customer+AF8-type","record"
"Administrator","del","Customer Type","customer+AF8-type","record"
"Administrator","view","Customer Terms","customer+AF8-term","record"
"Administrator","edit","Customer Terms","customer+AF8-term","record"
"Administrator","del","Customer Terms","customer+AF8-term","record"
"Administrator","add","Customer Terms","customer+AF8-term","record"
"Administrator","view","Product Category","product+AF8-category","record"
"Administrator","add","Product Category","product+AF8-category","record"
"Administrator","edit","Product Category","product+AF8-category","record"
"Administrator","del","Product Category","product+AF8-category","record"
"Administrator","view","Purchase Cost","product","purchase"
"Administrator","edit","Purchase Cost","product","purchase"
"Administrator","add","Product Bundle","bundle","record"
"Administrator","view","Bundled Items","bundle+AF8-item","record"
"Administrator","edit","Product Bundle","bundle+AF8-item","record"
"Administrator","add","Product Bundle","bundle+AF8-item","record"
"Administrator","del","Product Bundle","bundle+AF8-item","record"
"Administrator","view","Product Bundle","bundle","record"
"Administrator","edit","Product Bundle","bundle","record"
"Administrator","del","Product Bundle","bundle","record"
"Administrator","view","Product Promo","product+AF8-promo","record"
"Administrator","add","Product Promo","product+AF8-promo","record"
"Administrator","edit","Product Promo","product+AF8-promo","record"
"Administrator","del","Product Promo","product+AF8-promo","record"
"Administrator","view","Credit Memo","sales","memo"
"Administrator","view","Return Merchandise Receipt","sales","return"
"Administrator","edit","Return Merchandise Receipt","sales","return"
"Administrator","edit","Credit Memo","sales","memo"
"Administrator","view","Sales Payment","sales","payment"
"Administrator","edit","Sales Payment","sales","payment"
"Administrator","view","Payment Details","payment+AF8-item","record"
"Administrator","add","Payment Details","payment+AF8-item","record"
"Administrator","edit","Payment Details","payment+AF8-item","record"
"Administrator","del","Payment Details","payment+AF8-item","record"
"Administrator","del","Bank Information","bank","record"
"Administrator","add","Bank Information","bank","record"
"Administrator","edit","Bank Information","bank","record"
"Administrator","view","Bank Information","bank","record"
"Administrator","add","Process Status","status","record"
"Administrator","edit","Process Status","status","record"
"Administrator","del","Process Status","status","record"
"Administrator","view","Process Status","status","record"
"Administrator","view","Ordered Item","sales+AF8-item","return"
"Administrator","edit","Ordered Item","sales+AF8-item","return"
"Administrator","view","Shipment Report","shipment","report"
"Administrator","view","Product Shipment Report","shipment+AF8-item","report"
"Administrator","excel","Sales Order","sales","order"
"Administrator","excel","Ordered Item","sales+AF8-item","order"
"Warehouse Level 2","add","Menu Setting","menu","setting"
"Warehouse Level 2","edit","Menu Setting","menu","setting"
"Warehouse Level 2","del","Menu Setting","menu","setting"
"Warehouse Level 2","view","Menu Setting","menu","setting"
"Warehouse Level 2","view","User Access","auth","setting"
"Warehouse Level 2","view","Role Permission","grant","setting"
"Warehouse Level 2","view","Parameter Setting","parameter","setting"
"Warehouse Level 2","view","Process Setting","process","setting"
"Warehouse Level 2","add","Role Permission","grant","setting"
"Warehouse Level 2","edit","Role Permission","grant","setting"
"Warehouse Level 2","del","Role Permission","grant","setting"
"Warehouse Level 2","view","Role Permission","grant","setting"
"Warehouse Level 2","view","User Role","role","setting"
"Warehouse Level 2","add","Process Setting","process","setting"
"Warehouse Level 2","edit","Process Setting","process","setting"
"Warehouse Level 2","del","Process Setting","process","setting"
"Warehouse Level 2","add","User Access","auth","setting"
"Warehouse Level 2","edit","User Access","auth","setting"
"Warehouse Level 2","del","User Access","auth","setting"
"Warehouse Level 2","add","Parameter Setting","parameter","setting"
"Warehouse Level 2","edit","","parameter","setting"
"Warehouse Level 2","del","","parameter","setting"
"Warehouse Level 2","add","","role","setting"
"Warehouse Level 2","edit","","role","setting"
"Warehouse Level 2","del","","role","setting"
"Warehouse Level 2","view","","customer","profile"
"Warehouse Level 2","add","","customer","profile"
"Warehouse Level 2","edit","","customer","profile"
"Warehouse Level 2","del","","customer","profile"
"Warehouse Level 2","edit","","customer","setting"
"Warehouse Level 2","view","","customer","setting"
"Warehouse Level 2","view","","city","list"
"Warehouse Level 2","view","","product","profile"
"Warehouse Level 2","add","","product","profile"
"Warehouse Level 2","edit","","product","profile"
"Warehouse Level 2","del","","product","profile"
"Warehouse Level 2","view","","brand","profile"
"Warehouse Level 2","add","","brand","profile"
"Warehouse Level 2","edit","","brand","profile"
"Warehouse Level 2","del","","brand","profile"
"Warehouse Level 2","view","","uom","profile"
"Warehouse Level 2","add","","uom","profile"
"Warehouse Level 2","edit","","uom","profile"
"Warehouse Level 2","del","","uom","profile"
"Warehouse Level 2","add","","supplier","profile"
"Warehouse Level 2","edit","","supplier","profile"
"Warehouse Level 2","del","","supplier","profile"
"Warehouse Level 2","view","","supplier","profile"
"Warehouse Level 2","view","","location","setting"
"Warehouse Level 2","add","","location","setting"
"Warehouse Level 2","edit","","location","setting"
"Warehouse Level 2","del","","location","setting"
"Warehouse Level 2","view","","inventory","setting"
"Warehouse Level 2","view","","movement","setting"
"Warehouse Level 2","view","","movement","history"
"Warehouse Level 2","view","","sales","order"
"Warehouse Level 2","add","","sales","order"
"Warehouse Level 2","edit","","sales","order"
"Warehouse Level 2","del","","sales","order"
"Warehouse Level 2","edit","","sales","delivery"
"Warehouse Level 2","view","","sales","delivery"
"Warehouse Level 2","view","","sales","invoice"
"Warehouse Level 2","edit","","sales","invoice"
"Warehouse Level 2","view","","sequence","setting"
"Warehouse Level 2","add","","sequence","setting"
"Warehouse Level 2","edit","","sequence","setting"
"Warehouse Level 2","del","","sequence","setting"
"Warehouse Level 2","add","","employee","profile"
"Warehouse Level 2","edit","","employee","profile"
"Warehouse Level 2","del","","employee","profile"
"Warehouse Level 2","view","","employee","profile"
"Warehouse Level 2","add","","sales+AF8-item","order"
"Warehouse Level 2","edit","","sales+AF8-item","order"
"Warehouse Level 2","del","","sales+AF8-item","order"
"Warehouse Level 2","view","","sales+AF8-item","order"
"Warehouse Level 2","add","","price","setting"
"Warehouse Level 2","edit","","price","setting"
"Warehouse Level 2","del","","price","setting"
"Warehouse Level 2","view","","price","setting"
"Warehouse Level 2","add","","discount","setting"
"Warehouse Level 2","edit","","discount","setting"
"Warehouse Level 2","del","","discount","setting"
"Warehouse Level 2","view","","discount","setting"
"Warehouse Level 2","add","","computation","setting"
"Warehouse Level 2","edit","","computation","setting"
"Warehouse Level 2","del","","computation","setting"
"Warehouse Level 2","view","","computation","setting"
"Warehouse Level 2","view","","sales+AF8-item","list"
"Warehouse Level 2","view","","sales+AF8-item","delivery"
"Warehouse Level 2","view","","sales+AF8-item","invoice"
"Warehouse Level 2","view","","synchronization","setting"
"Warehouse Level 2","add","","synchronization","setting"
"Warehouse Level 2","edit","","synchronization","setting"
"Warehouse Level 2","del","","synchronization","setting"
"Warehouse Level 2","view","","inv+AF8-link","setting"
"Warehouse Level 2","add","","inv+AF8-link","setting"
"Warehouse Level 2","edit","","inv+AF8-link","setting"
"Warehouse Level 2","del","","inv+AF8-link","setting"
"Warehouse Level 2","view","","shipment","record"
"Warehouse Level 2","add","","shipment","record"
"Warehouse Level 2","edit","","shipment","record"
"Warehouse Level 2","del","","shipment","record"
"Warehouse Level 2","view","","shipment","approve"
"Warehouse Level 2","edit","","shipment","approve"
"Warehouse Level 2","view","","shipment+AF8-item","record"
"Warehouse Level 2","add","","shipment+AF8-item","record"
"Warehouse Level 2","edit","","shipment+AF8-item","record"
"Warehouse Level 2","del","","shipment+AF8-item","record"
"Warehouse Level 2","edit","","shipment+AF8-item","approve"
"Warehouse Level 2","view","","shipment+AF8-item","approve"
"Warehouse Level 2","view","","coa","profile"
"Warehouse Level 2","add","","coa","profile"
"Warehouse Level 2","edit","","coa","profile"
"Warehouse Level 2","del","","coa","profile"
"Warehouse Level 2","view","","sales","list"
"Warehouse Level 2","view","","purchase","order"
"Warehouse Level 2","view","","chito","pogi"
"Warehouse Level 2","view","Customer Type","customer+AF8-type","record"
"Warehouse Level 2","add","Customer Type","customer+AF8-type","record"
"Warehouse Level 2","edit","Customer Type","customer+AF8-type","record"
"Warehouse Level 2","del","Customer Type","customer+AF8-type","record"
"Warehouse Level 2","view","Customer Terms","customer+AF8-term","record"
"Warehouse Level 2","edit","Customer Terms","customer+AF8-term","record"
"Warehouse Level 2","del","Customer Terms","customer+AF8-term","record"
"Warehouse Level 2","add","Customer Terms","customer+AF8-term","record"
"Warehouse Level 2","view","Product Category","product+AF8-category","record"
"Warehouse Level 2","add","Product Category","product+AF8-category","record"
"Warehouse Level 2","edit","Product Category","product+AF8-category","record"
"Warehouse Level 2","del","Product Category","product+AF8-category","record"
"Warehouse Level 2","view","Purchase Cost","product","purchase"
"Warehouse Level 2","edit","Purchase Cost","product","purchase"
"Warehouse Level 2","add","Product Bundle","bundle","record"
"Warehouse Level 2","view","Bundled Items","bundle+AF8-item","record"
"Warehouse Level 2","edit","Product Bundle","bundle+AF8-item","record"
"Warehouse Level 2","add","Product Bundle","bundle+AF8-item","record"
"Warehouse Level 2","del","Product Bundle","bundle+AF8-item","record"
"Warehouse Level 2","view","Product Bundle","bundle","record"
"Warehouse Level 2","edit","Product Bundle","bundle","record"
"Warehouse Level 2","del","Product Bundle","bundle","record"
"Warehouse Level 2","view","Product Promo","product+AF8-promo","record"
"Warehouse Level 2","add","Product Promo","product+AF8-promo","record"
"Warehouse Level 2","edit","Product Promo","product+AF8-promo","record"
"Warehouse Level 2","del","Product Promo","product+AF8-promo","record"
"Warehouse Level 2","view","Credit Memo","sales","memo"
"Warehouse Level 2","view","Return Merchandise Receipt","sales","return"
"Warehouse Level 2","edit","Return Merchandise Receipt","sales","return"
"Warehouse Level 2","edit","Credit Memo","sales","memo"
"Warehouse Level 2","view","Sales Payment","sales","payment"
"Warehouse Level 2","edit","Sales Payment","sales","payment"
"Warehouse Level 2","view","Payment Details","payment+AF8-item","record"
"Warehouse Level 2","add","Payment Details","payment+AF8-item","record"
"Warehouse Level 2","edit","Payment Details","payment+AF8-item","record"
"Warehouse Level 2","del","Payment Details","payment+AF8-item","record"
"Warehouse Level 2","del","Bank Information","bank","record"
"Warehouse Level 2","add","Bank Information","bank","record"
"Warehouse Level 2","edit","Bank Information","bank","record"
"Warehouse Level 2","view","Bank Information","bank","record"
"Warehouse Level 2","add","Process Status","status","record"
"Warehouse Level 2","edit","Process Status","status","record"
"Warehouse Level 2","del","Process Status","status","record"
"Warehouse Level 2","view","Process Status","status","record"
"Warehouse Level 2","view","Ordered Item","sales+AF8-item","return"
"Warehouse Level 2","edit","Ordered Item","sales+AF8-item","return"
"Warehouse Level 2","view","Shipment Report","shipment","report"
"Warehouse Level 2","view","Product Shipment Report","shipment+AF8-item","report"
"Warehouse Level 2","excel","Sales Order","sales","order"
"Warehouse Level 2","excel","Ordered Item","sales+AF8-item","order"
"Warehouse Level 1","add","Menu Setting","menu","setting"
"Warehouse Level 1","edit","Menu Setting","menu","setting"
"Warehouse Level 1","del","Menu Setting","menu","setting"
"Warehouse Level 1","view","Menu Setting","menu","setting"
"Warehouse Level 1","view","User Access","auth","setting"
"Warehouse Level 1","view","Role Permission","grant","setting"
"Warehouse Level 1","view","Parameter Setting","parameter","setting"
"Warehouse Level 1","view","Process Setting","process","setting"
"Warehouse Level 1","add","Role Permission","grant","setting"
"Warehouse Level 1","edit","Role Permission","grant","setting"
"Warehouse Level 1","del","Role Permission","grant","setting"
"Warehouse Level 1","view","Role Permission","grant","setting"
"Warehouse Level 1","view","User Role","role","setting"
"Warehouse Level 1","add","Process Setting","process","setting"
"Warehouse Level 1","edit","Process Setting","process","setting"
"Warehouse Level 1","del","Process Setting","process","setting"
"Warehouse Level 1","add","User Access","auth","setting"
"Warehouse Level 1","edit","User Access","auth","setting"
"Warehouse Level 1","del","User Access","auth","setting"
"Warehouse Level 1","add","Parameter Setting","parameter","setting"
"Warehouse Level 1","edit","","parameter","setting"
"Warehouse Level 1","del","","parameter","setting"
"Warehouse Level 1","add","","role","setting"
"Warehouse Level 1","edit","","role","setting"
"Warehouse Level 1","del","","role","setting"
"Warehouse Level 1","view","","customer","profile"
"Warehouse Level 1","add","","customer","profile"
"Warehouse Level 1","edit","","customer","profile"
"Warehouse Level 1","del","","customer","profile"
"Warehouse Level 1","edit","","customer","setting"
"Warehouse Level 1","view","","customer","setting"
"Warehouse Level 1","view","","city","list"
"Warehouse Level 1","view","","product","profile"
"Warehouse Level 1","add","","product","profile"
"Warehouse Level 1","edit","","product","profile"
"Warehouse Level 1","del","","product","profile"
"Warehouse Level 1","view","","brand","profile"
"Warehouse Level 1","add","","brand","profile"
"Warehouse Level 1","edit","","brand","profile"
"Warehouse Level 1","del","","brand","profile"
"Warehouse Level 1","view","","uom","profile"
"Warehouse Level 1","add","","uom","profile"
"Warehouse Level 1","edit","","uom","profile"
"Warehouse Level 1","del","","uom","profile"
"Warehouse Level 1","add","","supplier","profile"
"Warehouse Level 1","edit","","supplier","profile"
"Warehouse Level 1","del","","supplier","profile"
"Warehouse Level 1","view","","supplier","profile"
"Warehouse Level 1","view","","location","setting"
"Warehouse Level 1","add","","location","setting"
"Warehouse Level 1","edit","","location","setting"
"Warehouse Level 1","del","","location","setting"
"Warehouse Level 1","view","","inventory","setting"
"Warehouse Level 1","view","","movement","setting"
"Warehouse Level 1","view","","movement","history"
"Warehouse Level 1","view","","sales","order"
"Warehouse Level 1","add","","sales","order"
"Warehouse Level 1","edit","","sales","order"
"Warehouse Level 1","del","","sales","order"
"Warehouse Level 1","edit","","sales","delivery"
"Warehouse Level 1","view","","sales","delivery"
"Warehouse Level 1","view","","sales","invoice"
"Warehouse Level 1","edit","","sales","invoice"
"Warehouse Level 1","view","","sequence","setting"
"Warehouse Level 1","add","","sequence","setting"
"Warehouse Level 1","edit","","sequence","setting"
"Warehouse Level 1","del","","sequence","setting"
"Warehouse Level 1","add","","employee","profile"
"Warehouse Level 1","edit","","employee","profile"
"Warehouse Level 1","del","","employee","profile"
"Warehouse Level 1","view","","employee","profile"
"Warehouse Level 1","add","","sales+AF8-item","order"
"Warehouse Level 1","edit","","sales+AF8-item","order"
"Warehouse Level 1","del","","sales+AF8-item","order"
"Warehouse Level 1","view","","sales+AF8-item","order"
"Warehouse Level 1","add","","price","setting"
"Warehouse Level 1","edit","","price","setting"
"Warehouse Level 1","del","","price","setting"
"Warehouse Level 1","view","","price","setting"
"Warehouse Level 1","add","","discount","setting"
"Warehouse Level 1","edit","","discount","setting"
"Warehouse Level 1","del","","discount","setting"
"Warehouse Level 1","view","","discount","setting"
"Warehouse Level 1","add","","computation","setting"
"Warehouse Level 1","edit","","computation","setting"
"Warehouse Level 1","del","","computation","setting"
"Warehouse Level 1","view","","computation","setting"
"Warehouse Level 1","view","","sales+AF8-item","list"
"Warehouse Level 1","view","","sales+AF8-item","delivery"
"Warehouse Level 1","view","","sales+AF8-item","invoice"
"Warehouse Level 1","view","","synchronization","setting"
"Warehouse Level 1","add","","synchronization","setting"
"Warehouse Level 1","edit","","synchronization","setting"
"Warehouse Level 1","del","","synchronization","setting"
"Warehouse Level 1","view","","inv+AF8-link","setting"
"Warehouse Level 1","add","","inv+AF8-link","setting"
"Warehouse Level 1","edit","","inv+AF8-link","setting"
"Warehouse Level 1","del","","inv+AF8-link","setting"
"Warehouse Level 1","view","","shipment","record"
"Warehouse Level 1","add","","shipment","record"
"Warehouse Level 1","edit","","shipment","record"
"Warehouse Level 1","del","","shipment","record"
"Warehouse Level 1","view","","shipment","approve"
"Warehouse Level 1","edit","","shipment","approve"
"Warehouse Level 1","view","","shipment+AF8-item","record"
"Warehouse Level 1","add","","shipment+AF8-item","record"
"Warehouse Level 1","edit","","shipment+AF8-item","record"
"Warehouse Level 1","del","","shipment+AF8-item","record"
"Warehouse Level 1","edit","","shipment+AF8-item","approve"
"Warehouse Level 1","view","","shipment+AF8-item","approve"
"Warehouse Level 1","view","","coa","profile"
"Warehouse Level 1","add","","coa","profile"
"Warehouse Level 1","edit","","coa","profile"
"Warehouse Level 1","del","","coa","profile"
"Warehouse Level 1","view","","sales","list"
"Warehouse Level 1","view","","purchase","order"
"Warehouse Level 1","view","","chito","pogi"
"Warehouse Level 1","view","Customer Type","customer+AF8-type","record"
"Warehouse Level 1","add","Customer Type","customer+AF8-type","record"
"Warehouse Level 1","edit","Customer Type","customer+AF8-type","record"
"Warehouse Level 1","del","Customer Type","customer+AF8-type","record"
"Warehouse Level 1","view","Customer Terms","customer+AF8-term","record"
"Warehouse Level 1","edit","Customer Terms","customer+AF8-term","record"
"Warehouse Level 1","del","Customer Terms","customer+AF8-term","record"
"Warehouse Level 1","add","Customer Terms","customer+AF8-term","record"
"Warehouse Level 1","view","Product Category","product+AF8-category","record"
"Warehouse Level 1","add","Product Category","product+AF8-category","record"
"Warehouse Level 1","edit","Product Category","product+AF8-category","record"
"Warehouse Level 1","del","Product Category","product+AF8-category","record"
"Warehouse Level 1","view","Purchase Cost","product","purchase"
"Warehouse Level 1","edit","Purchase Cost","product","purchase"
"Warehouse Level 1","add","Product Bundle","bundle","record"
"Warehouse Level 1","view","Bundled Items","bundle+AF8-item","record"
"Warehouse Level 1","edit","Product Bundle","bundle+AF8-item","record"
"Warehouse Level 1","add","Product Bundle","bundle+AF8-item","record"
"Warehouse Level 1","del","Product Bundle","bundle+AF8-item","record"
"Warehouse Level 1","view","Product Bundle","bundle","record"
"Warehouse Level 1","edit","Product Bundle","bundle","record"
"Warehouse Level 1","del","Product Bundle","bundle","record"
"Warehouse Level 1","view","Product Promo","product+AF8-promo","record"
"Warehouse Level 1","add","Product Promo","product+AF8-promo","record"
"Warehouse Level 1","edit","Product Promo","product+AF8-promo","record"
"Warehouse Level 1","del","Product Promo","product+AF8-promo","record"
"Warehouse Level 1","view","Credit Memo","sales","memo"
"Warehouse Level 1","view","Return Merchandise Receipt","sales","return"
"Warehouse Level 1","edit","Return Merchandise Receipt","sales","return"
"Warehouse Level 1","edit","Credit Memo","sales","memo"
"Warehouse Level 1","view","Sales Payment","sales","payment"
"Warehouse Level 1","edit","Sales Payment","sales","payment"
"Warehouse Level 1","view","Payment Details","payment+AF8-item","record"
"Warehouse Level 1","add","Payment Details","payment+AF8-item","record"
"Warehouse Level 1","edit","Payment Details","payment+AF8-item","record"
"Warehouse Level 1","del","Payment Details","payment+AF8-item","record"
"Warehouse Level 1","del","Bank Information","bank","record"
"Warehouse Level 1","add","Bank Information","bank","record"
"Warehouse Level 1","edit","Bank Information","bank","record"
"Warehouse Level 1","view","Bank Information","bank","record"
"Warehouse Level 1","add","Process Status","status","record"
"Warehouse Level 1","edit","Process Status","status","record"
"Warehouse Level 1","del","Process Status","status","record"
"Warehouse Level 1","view","Process Status","status","record"
"Warehouse Level 1","view","Ordered Item","sales+AF8-item","return"
"Warehouse Level 1","edit","Ordered Item","sales+AF8-item","return"
"Warehouse Level 1","view","Shipment Report","shipment","report"
"Warehouse Level 1","view","Product Shipment Report","shipment+AF8-item","report"
"Warehouse Level 1","excel","Sales Order","sales","order"
"Warehouse Level 1","excel","Ordered Item","sales+AF8-item","order"
"Sales Level 2","add","Menu Setting","menu","setting"
"Sales Level 2","edit","Menu Setting","menu","setting"
"Sales Level 2","del","Menu Setting","menu","setting"
"Sales Level 2","view","Menu Setting","menu","setting"
"Sales Level 2","view","User Access","auth","setting"
"Sales Level 2","view","Role Permission","grant","setting"
"Sales Level 2","view","Parameter Setting","parameter","setting"
"Sales Level 2","view","Process Setting","process","setting"
"Sales Level 2","add","Role Permission","grant","setting"
"Sales Level 2","edit","Role Permission","grant","setting"
"Sales Level 2","del","Role Permission","grant","setting"
"Sales Level 2","view","Role Permission","grant","setting"
"Sales Level 2","view","User Role","role","setting"
"Sales Level 2","add","Process Setting","process","setting"
"Sales Level 2","edit","Process Setting","process","setting"
"Sales Level 2","del","Process Setting","process","setting"
"Sales Level 2","add","User Access","auth","setting"
"Sales Level 2","edit","User Access","auth","setting"
"Sales Level 2","del","User Access","auth","setting"
"Sales Level 2","add","Parameter Setting","parameter","setting"
"Sales Level 2","edit","","parameter","setting"
"Sales Level 2","del","","parameter","setting"
"Sales Level 2","add","","role","setting"
"Sales Level 2","edit","","role","setting"
"Sales Level 2","del","","role","setting"
"Sales Level 2","view","","customer","profile"
"Sales Level 2","add","","customer","profile"
"Sales Level 2","edit","","customer","profile"
"Sales Level 2","del","","customer","profile"
"Sales Level 2","edit","","customer","setting"
"Sales Level 2","view","","customer","setting"
"Sales Level 2","view","","city","list"
"Sales Level 2","view","","product","profile"
"Sales Level 2","add","","product","profile"
"Sales Level 2","edit","","product","profile"
"Sales Level 2","del","","product","profile"
"Sales Level 2","view","","brand","profile"
"Sales Level 2","add","","brand","profile"
"Sales Level 2","edit","","brand","profile"
"Sales Level 2","del","","brand","profile"
"Sales Level 2","view","","uom","profile"
"Sales Level 2","add","","uom","profile"
"Sales Level 2","edit","","uom","profile"
"Sales Level 2","del","","uom","profile"
"Sales Level 2","add","","supplier","profile"
"Sales Level 2","edit","","supplier","profile"
"Sales Level 2","del","","supplier","profile"
"Sales Level 2","view","","supplier","profile"
"Sales Level 2","view","","location","setting"
"Sales Level 2","add","","location","setting"
"Sales Level 2","edit","","location","setting"
"Sales Level 2","del","","location","setting"
"Sales Level 2","view","","inventory","setting"
"Sales Level 2","view","","movement","setting"
"Sales Level 2","view","","movement","history"
"Sales Level 2","view","","sales","order"
"Sales Level 2","add","","sales","order"
"Sales Level 2","edit","","sales","order"
"Sales Level 2","del","","sales","order"
"Sales Level 2","edit","","sales","delivery"
"Sales Level 2","view","","sales","delivery"
"Sales Level 2","view","","sales","invoice"
"Sales Level 2","edit","","sales","invoice"
"Sales Level 2","view","","sequence","setting"
"Sales Level 2","add","","sequence","setting"
"Sales Level 2","edit","","sequence","setting"
"Sales Level 2","del","","sequence","setting"
"Sales Level 2","add","","employee","profile"
"Sales Level 2","edit","","employee","profile"
"Sales Level 2","del","","employee","profile"
"Sales Level 2","view","","employee","profile"
"Sales Level 2","add","","sales+AF8-item","order"
"Sales Level 2","edit","","sales+AF8-item","order"
"Sales Level 2","del","","sales+AF8-item","order"
"Sales Level 2","view","","sales+AF8-item","order"
"Sales Level 2","add","","price","setting"
"Sales Level 2","edit","","price","setting"
"Sales Level 2","del","","price","setting"
"Sales Level 2","view","","price","setting"
"Sales Level 2","add","","discount","setting"
"Sales Level 2","edit","","discount","setting"
"Sales Level 2","del","","discount","setting"
"Sales Level 2","view","","discount","setting"
"Sales Level 2","add","","computation","setting"
"Sales Level 2","edit","","computation","setting"
"Sales Level 2","del","","computation","setting"
"Sales Level 2","view","","computation","setting"
"Sales Level 2","view","","sales+AF8-item","list"
"Sales Level 2","view","","sales+AF8-item","delivery"
"Sales Level 2","view","","sales+AF8-item","invoice"
"Sales Level 2","view","","synchronization","setting"
"Sales Level 2","add","","synchronization","setting"
"Sales Level 2","edit","","synchronization","setting"
"Sales Level 2","del","","synchronization","setting"
"Sales Level 2","view","","inv+AF8-link","setting"
"Sales Level 2","add","","inv+AF8-link","setting"
"Sales Level 2","edit","","inv+AF8-link","setting"
"Sales Level 2","del","","inv+AF8-link","setting"
"Sales Level 2","view","","shipment","record"
"Sales Level 2","add","","shipment","record"
"Sales Level 2","edit","","shipment","record"
"Sales Level 2","del","","shipment","record"
"Sales Level 2","view","","shipment","approve"
"Sales Level 2","edit","","shipment","approve"
"Sales Level 2","view","","shipment+AF8-item","record"
"Sales Level 2","add","","shipment+AF8-item","record"
"Sales Level 2","edit","","shipment+AF8-item","record"
"Sales Level 2","del","","shipment+AF8-item","record"
"Sales Level 2","edit","","shipment+AF8-item","approve"
"Sales Level 2","view","","shipment+AF8-item","approve"
"Sales Level 2","view","","coa","profile"
"Sales Level 2","add","","coa","profile"
"Sales Level 2","edit","","coa","profile"
"Sales Level 2","del","","coa","profile"
"Sales Level 2","view","","sales","list"
"Sales Level 2","view","","purchase","order"
"Sales Level 2","view","","chito","pogi"
"Sales Level 2","view","Customer Type","customer+AF8-type","record"
"Sales Level 2","add","Customer Type","customer+AF8-type","record"
"Sales Level 2","edit","Customer Type","customer+AF8-type","record"
"Sales Level 2","del","Customer Type","customer+AF8-type","record"
"Sales Level 2","view","Customer Terms","customer+AF8-term","record"
"Sales Level 2","edit","Customer Terms","customer+AF8-term","record"
"Sales Level 2","del","Customer Terms","customer+AF8-term","record"
"Sales Level 2","add","Customer Terms","customer+AF8-term","record"
"Sales Level 2","view","Product Category","product+AF8-category","record"
"Sales Level 2","add","Product Category","product+AF8-category","record"
"Sales Level 2","edit","Product Category","product+AF8-category","record"
"Sales Level 2","del","Product Category","product+AF8-category","record"
"Sales Level 2","view","Purchase Cost","product","purchase"
"Sales Level 2","edit","Purchase Cost","product","purchase"
"Sales Level 2","add","Product Bundle","bundle","record"
"Sales Level 2","view","Bundled Items","bundle+AF8-item","record"
"Sales Level 2","edit","Product Bundle","bundle+AF8-item","record"
"Sales Level 2","add","Product Bundle","bundle+AF8-item","record"
"Sales Level 2","del","Product Bundle","bundle+AF8-item","record"
"Sales Level 2","view","Product Bundle","bundle","record"
"Sales Level 2","edit","Product Bundle","bundle","record"
"Sales Level 2","del","Product Bundle","bundle","record"
"Sales Level 2","view","Product Promo","product+AF8-promo","record"
"Sales Level 2","add","Product Promo","product+AF8-promo","record"
"Sales Level 2","edit","Product Promo","product+AF8-promo","record"
"Sales Level 2","del","Product Promo","product+AF8-promo","record"
"Sales Level 2","view","Credit Memo","sales","memo"
"Sales Level 2","view","Return Merchandise Receipt","sales","return"
"Sales Level 2","edit","Return Merchandise Receipt","sales","return"
"Sales Level 2","edit","Credit Memo","sales","memo"
"Sales Level 2","view","Sales Payment","sales","payment"
"Sales Level 2","edit","Sales Payment","sales","payment"
"Sales Level 2","view","Payment Details","payment+AF8-item","record"
"Sales Level 2","add","Payment Details","payment+AF8-item","record"
"Sales Level 2","edit","Payment Details","payment+AF8-item","record"
"Sales Level 2","del","Payment Details","payment+AF8-item","record"
"Sales Level 2","del","Bank Information","bank","record"
"Sales Level 2","add","Bank Information","bank","record"
"Sales Level 2","edit","Bank Information","bank","record"
"Sales Level 2","view","Bank Information","bank","record"
"Sales Level 2","add","Process Status","status","record"
"Sales Level 2","edit","Process Status","status","record"
"Sales Level 2","del","Process Status","status","record"
"Sales Level 2","view","Process Status","status","record"
"Sales Level 2","view","Ordered Item","sales+AF8-item","return"
"Sales Level 2","edit","Ordered Item","sales+AF8-item","return"
"Sales Level 2","view","Shipment Report","shipment","report"
"Sales Level 2","view","Product Shipment Report","shipment+AF8-item","report"
"Sales Level 2","excel","Sales Order","sales","order"
"Sales Level 2","excel","Ordered Item","sales+AF8-item","order"
"Sales Level 1","add","Menu Setting","menu","setting"
"Sales Level 1","edit","Menu Setting","menu","setting"
"Sales Level 1","del","Menu Setting","menu","setting"
"Sales Level 1","view","Menu Setting","menu","setting"
"Sales Level 1","view","User Access","auth","setting"
"Sales Level 1","view","Role Permission","grant","setting"
"Sales Level 1","view","Parameter Setting","parameter","setting"
"Sales Level 1","view","Process Setting","process","setting"
"Sales Level 1","add","Role Permission","grant","setting"
"Sales Level 1","edit","Role Permission","grant","setting"
"Sales Level 1","del","Role Permission","grant","setting"
"Sales Level 1","view","Role Permission","grant","setting"
"Sales Level 1","view","User Role","role","setting"
"Sales Level 1","add","Process Setting","process","setting"
"Sales Level 1","edit","Process Setting","process","setting"
"Sales Level 1","del","Process Setting","process","setting"
"Sales Level 1","add","User Access","auth","setting"
"Sales Level 1","edit","User Access","auth","setting"
"Sales Level 1","del","User Access","auth","setting"
"Sales Level 1","add","Parameter Setting","parameter","setting"
"Sales Level 1","edit","","parameter","setting"
"Sales Level 1","del","","parameter","setting"
"Sales Level 1","add","","role","setting"
"Sales Level 1","edit","","role","setting"
"Sales Level 1","del","","role","setting"
"Sales Level 1","view","","customer","profile"
"Sales Level 1","add","","customer","profile"
"Sales Level 1","edit","","customer","profile"
"Sales Level 1","del","","customer","profile"
"Sales Level 1","edit","","customer","setting"
"Sales Level 1","view","","customer","setting"
"Sales Level 1","view","","city","list"
"Sales Level 1","view","","product","profile"
"Sales Level 1","add","","product","profile"
"Sales Level 1","edit","","product","profile"
"Sales Level 1","del","","product","profile"
"Sales Level 1","view","","brand","profile"
"Sales Level 1","add","","brand","profile"
"Sales Level 1","edit","","brand","profile"
"Sales Level 1","del","","brand","profile"
"Sales Level 1","view","","uom","profile"
"Sales Level 1","add","","uom","profile"
"Sales Level 1","edit","","uom","profile"
"Sales Level 1","del","","uom","profile"
"Sales Level 1","add","","supplier","profile"
"Sales Level 1","edit","","supplier","profile"
"Sales Level 1","del","","supplier","profile"
"Sales Level 1","view","","supplier","profile"
"Sales Level 1","view","","location","setting"
"Sales Level 1","add","","location","setting"
"Sales Level 1","edit","","location","setting"
"Sales Level 1","del","","location","setting"
"Sales Level 1","view","","inventory","setting"
"Sales Level 1","view","","movement","setting"
"Sales Level 1","view","","movement","history"
"Sales Level 1","view","","sales","order"
"Sales Level 1","add","","sales","order"
"Sales Level 1","edit","","sales","order"
"Sales Level 1","del","","sales","order"
"Sales Level 1","edit","","sales","delivery"
"Sales Level 1","view","","sales","delivery"
"Sales Level 1","view","","sales","invoice"
"Sales Level 1","edit","","sales","invoice"
"Sales Level 1","view","","sequence","setting"
"Sales Level 1","add","","sequence","setting"
"Sales Level 1","edit","","sequence","setting"
"Sales Level 1","del","","sequence","setting"
"Sales Level 1","add","","employee","profile"
"Sales Level 1","edit","","employee","profile"
"Sales Level 1","del","","employee","profile"
"Sales Level 1","view","","employee","profile"
"Sales Level 1","add","","sales+AF8-item","order"
"Sales Level 1","edit","","sales+AF8-item","order"
"Sales Level 1","del","","sales+AF8-item","order"
"Sales Level 1","view","","sales+AF8-item","order"
"Sales Level 1","add","","price","setting"
"Sales Level 1","edit","","price","setting"
"Sales Level 1","del","","price","setting"
"Sales Level 1","view","","price","setting"
"Sales Level 1","add","","discount","setting"
"Sales Level 1","edit","","discount","setting"
"Sales Level 1","del","","discount","setting"
"Sales Level 1","view","","discount","setting"
"Sales Level 1","add","","computation","setting"
"Sales Level 1","edit","","computation","setting"
"Sales Level 1","del","","computation","setting"
"Sales Level 1","view","","computation","setting"
"Sales Level 1","view","","sales+AF8-item","list"
"Sales Level 1","view","","sales+AF8-item","delivery"
"Sales Level 1","view","","sales+AF8-item","invoice"
"Sales Level 1","view","","synchronization","setting"
"Sales Level 1","add","","synchronization","setting"
"Sales Level 1","edit","","synchronization","setting"
"Sales Level 1","del","","synchronization","setting"
"Sales Level 1","view","","inv+AF8-link","setting"
"Sales Level 1","add","","inv+AF8-link","setting"
"Sales Level 1","edit","","inv+AF8-link","setting"
"Sales Level 1","del","","inv+AF8-link","setting"
"Sales Level 1","view","","shipment","record"
"Sales Level 1","add","","shipment","record"
"Sales Level 1","edit","","shipment","record"
"Sales Level 1","del","","shipment","record"
"Sales Level 1","view","","shipment","approve"
"Sales Level 1","edit","","shipment","approve"
"Sales Level 1","view","","shipment+AF8-item","record"
"Sales Level 1","add","","shipment+AF8-item","record"
"Sales Level 1","edit","","shipment+AF8-item","record"
"Sales Level 1","del","","shipment+AF8-item","record"
"Sales Level 1","edit","","shipment+AF8-item","approve"
"Sales Level 1","view","","shipment+AF8-item","approve"
"Sales Level 1","view","","coa","profile"
"Sales Level 1","add","","coa","profile"
"Sales Level 1","edit","","coa","profile"
"Sales Level 1","del","","coa","profile"
"Sales Level 1","view","","sales","list"
"Sales Level 1","view","","purchase","order"
"Sales Level 1","view","","chito","pogi"
"Sales Level 1","view","Customer Type","customer+AF8-type","record"
"Sales Level 1","add","Customer Type","customer+AF8-type","record"
"Sales Level 1","edit","Customer Type","customer+AF8-type","record"
"Sales Level 1","del","Customer Type","customer+AF8-type","record"
"Sales Level 1","view","Customer Terms","customer+AF8-term","record"
"Sales Level 1","edit","Customer Terms","customer+AF8-term","record"
"Sales Level 1","del","Customer Terms","customer+AF8-term","record"
"Sales Level 1","add","Customer Terms","customer+AF8-term","record"
"Sales Level 1","view","Product Category","product+AF8-category","record"
"Sales Level 1","add","Product Category","product+AF8-category","record"
"Sales Level 1","edit","Product Category","product+AF8-category","record"
"Sales Level 1","del","Product Category","product+AF8-category","record"
"Sales Level 1","view","Purchase Cost","product","purchase"
"Sales Level 1","edit","Purchase Cost","product","purchase"
"Sales Level 1","add","Product Bundle","bundle","record"
"Sales Level 1","view","Bundled Items","bundle+AF8-item","record"
"Sales Level 1","edit","Product Bundle","bundle+AF8-item","record"
"Sales Level 1","add","Product Bundle","bundle+AF8-item","record"
"Sales Level 1","del","Product Bundle","bundle+AF8-item","record"
"Sales Level 1","view","Product Bundle","bundle","record"
"Sales Level 1","edit","Product Bundle","bundle","record"
"Sales Level 1","del","Product Bundle","bundle","record"
"Sales Level 1","view","Product Promo","product+AF8-promo","record"
"Sales Level 1","add","Product Promo","product+AF8-promo","record"
"Sales Level 1","edit","Product Promo","product+AF8-promo","record"
"Sales Level 1","del","Product Promo","product+AF8-promo","record"
"Sales Level 1","view","Credit Memo","sales","memo"
"Sales Level 1","view","Return Merchandise Receipt","sales","return"
"Sales Level 1","edit","Return Merchandise Receipt","sales","return"
"Sales Level 1","edit","Credit Memo","sales","memo"
"Sales Level 1","view","Sales Payment","sales","payment"
"Sales Level 1","edit","Sales Payment","sales","payment"
"Sales Level 1","view","Payment Details","payment+AF8-item","record"
"Sales Level 1","add","Payment Details","payment+AF8-item","record"
"Sales Level 1","edit","Payment Details","payment+AF8-item","record"
"Sales Level 1","del","Payment Details","payment+AF8-item","record"
"Sales Level 1","del","Bank Information","bank","record"
"Sales Level 1","add","Bank Information","bank","record"
"Sales Level 1","edit","Bank Information","bank","record"
"Sales Level 1","view","Bank Information","bank","record"
"Sales Level 1","add","Process Status","status","record"
"Sales Level 1","edit","Process Status","status","record"
"Sales Level 1","del","Process Status","status","record"
"Sales Level 1","view","Process Status","status","record"
"Sales Level 1","view","Ordered Item","sales+AF8-item","return"
"Sales Level 1","edit","Ordered Item","sales+AF8-item","return"
"Sales Level 1","view","Shipment Report","shipment","report"
"Sales Level 1","view","Product Shipment Report","shipment+AF8-item","report"
"Sales Level 1","excel","Sales Order","sales","order"
"Sales Level 1","excel","Ordered Item","sales+AF8-item","order"
"Accounting Level 1","view","Ordered Item","sales_item","list"
"Developer","add","Cycle Count","cycle_count","record"
"Developer","edit","Cycle Count","cycle_count","record"
"Developer","del","Cycle Count","cycle_count","record"
"Developer","view","Cycle Count","cycle_count","record"
"Developer","excel","Cycle Count","cycle_count","record"
"Developer","excel","Record New Shipment","shipment","record"
"Developer","excel","Shipment Details","shipment_item","record"
"Developer","excel","Product Movement","movement","setting"
"Developer","view","Ordered Item","sales_item","return"
"Developer","edit","Ordered Item","sales_item","return"
"Developer","view","Ordered Item","sales_item","memo"
"Developer","excel","Sales Report","sales","list"
